Text,Entity Type,Label1,Label2,Final Label
"`Arrays.asList(...)` will give you a `List` backed by an array, so it cannot change length.",Arrays: utility class; List: interface;,"T, T","T, T","T, T"
"*Implementation detail: It's a private nested class inside `java.util.Arrays`, named `ArrayList`, which is a different class from `java.util.ArrayList`, even though their simple names are the same.*",java.util.Arrays: concrete class; java.util.ArrayList: concrete class;,"T, T","T, T","T, T"
"Correction: For an existing list in some variable, then you get an unmodifiable view list by passing it in the `Collections.unmodifiableList()` constructor, but `List.of` will always give you an ""immutable"" or unmodifiable list that is not a view.",Collections.unmodifiableList: concrete class; List.of: static method;,"F, T","F, T","F, T"
"Only `List.copyOf` is structurally unmodifiable and *not* a view collection (like `unmodifiableList` or `List.of` is), so its structure cannot be changed.",List.copyOf: static method; unmodifiableList: none; List.of: static method;,"T, T, T","T, T, T","T, T, T"
"The above results in a compiler error, because `List<B>` (which is what is returned by `Arrays.asList`) is not a subclass of `List<A>`, even though you can add Objects of type `B` to a `List<A>` object.",List: interface; Arrays: utility class;,"T, T","T, T","T, T"
Any calls to `Arrays.asList()` with zero arguments or only one argument could be replaced with either a call to `Collections.singletonList()` or `Collections.emptyList()` which will save some memory.,Arrays.asList: concrete class; Collections.singletonList: concrete class; Collections.emptyList: concrete class;,"F, F, F","F, F, F","F, F, F"
"Note: the list returned by `Collections.singletonList()` is immutable, while the list returned `Arrays.asList()` allows calling the `set()` method.",Collections.singletonList: static method; Arrays.asList: static method; set: method,"T, T, T","T, T, T","T, T, T"
"Differences between TreeMap, HashMap, and LinkedHashMap in Java",TreeMap: concrete class; HashMap: concrete class; LinkedHashMap: concrete class;,"T, T, T","T, T, F","T, T, T"
"The reason being that if you're in an interruptible blocking call (like `Thread.sleep` or using java.nio Channel operations), you'll actually be able to break out of those right away.",Thread.sleep: static method; java.nio.Channel: abstract class;,"T, T","T, T","T, T"
"Like I said, the main advantage to `Thread.interrupt()` is that you can immediately break out of interruptible calls, which you can't do with the flag approach.",Thread.interrupt: method,T,T,T
"To clarify, if this `while` condition is going to be the sole way to stop the thread, then any `catch` block needs to call `Thread.currentThread().interrupt();` in order to maintain the interrupted status for the `while` condition.",Thread.currentThread: concrete class; interrupt: method; Thread.currentThread.interrupt: method;,"F, T, F","F, T, F","F, T, F"
Blocking library methods like `Thread.sleep` and `Object.wait` try to detect when a thread has been interrupted and return early.,Thread.sleep: static method; Object.wait: instance method;,"T, T","T, T","T, T"
Brian Goetz in his book suggests using `Thread.currentThread().isInterrupted()` flag and `interrupt()` method for cancellation.,Thread.currentThread: concrete class; Thread.isInterrupted: concrete class; Thread.interrupt: concrete class; currentThread.isInterrupted: none; currentThread.interrupt: none; isInterrupted.interrupt: none;,"F, F, F, F, F, T","T, F, F, F, F, T","F, F, F, F, F, T"
thread will continue its work until it reaches `Thread.currentThread().isInterrupted()` check and exit from `run()`.,Thread: concrete class; Thread.currentThread: static method; isInterrupted: instance method; run: instance method; Thread.currentThread.isInterrupted: instance method; Thread.currentThread.run: instance method;,"T, T, T, T, F, F","T, T, T, T, F, F","T, T, T, T, F, F"
"Edit: I'm now using `Arrays.asList` instead of `Collections.singleton`: singleton is limited to one entry, whereas the `asList` approach allows you to add other strings to filter out later: `Arrays.asList(""a"", ""b"", ""c"")`.",Arrays.asList: static method; Collections.singleton: static method;,"T, T","T, T","T, T"
"Make a `List` out of the array with `Arrays.asList()`, and call `remove()` on all the appropriate elements.",List: interface; Arrays.asList: static method; remove: method,"T, T, T","T, T, T","T, T, T"
Use System.arraycopy repeatedly to copy each group of items you wish to retain into your new Array.,System.arraycopy: static method,T,T,T
"solution: Iterate over your array and whenever you find an element to remove (let's call it element n), use System.arraycopy to copy the tail of the array over the ""deleted"" element (Source and Destination are same array)--it is smart enough to do the copy in the correct direction so the memory doesn't overwrite itself:",System.arraycopy: static method,T,T,T
"The `IllegalAccessException` would be thrown if the field was not accessible (for example, if it is private and has not been made accessible via missing out the `f.setAccessible(true)` line.",IllegalAccessException: concrete class; setAccessible: method,"T, T","T, F","T, T"
"Of course, now you have to find out the `java.lang.reflect.Field` for `sString` prior to setting the field value.",java.lang.reflect.Field: concrete class; sString: none;,"T, T","T, T","T, T"
Basically on an `ExecutorService` you call `shutdown()` and then `awaitTermination()`:,"ExecutorService: interface; shutdown: method; awaitTermination: method; shutdown, awaitTermination: none;","T, T, T, F","T, T, T, F","T, T, T, F"
"Note that `executorService.invokeAll` will wait for all threads to complete, but you will still need to call `executorService.shutdown` to clean up your thread pool.",executorService.invokeAll: method; executorService.shutdown: method;,"T, T","T, T","T, T"
".get() on each Future one at a time, instead of infinite looping calling isDone() on (all or each).",Future: interface; isDone: method; get: method;,"T, T, T","T, T, T","T, T, T"
"While you can use `executor.shutdown()` and `executor.awaitTermination()`, it is not the best practice as the time taken by different threads would be unpredictable.",executor.shutdown: concrete method; executor.awaitTermination: concrete method;,"F, F","F, F","F, F"
"The way you're doing it, there's no guarantee that `sock.close()` will be reached because you catch only `Exception` and not all `Throwable`s.",Exception: concrete class; Throwable: concrete class;,"T, T","T, T","T, T"
Long.valueOf() should be preferred: it returns cached values of Long for some often-used values instead of constructing a new instance as the constructor does.,Long.valueOf: static method,T,T,T
"**Difference between Long.getLong(s), Long.valueOf(s), Long.parseLong(s) where ""s"" is a String Type**",Long.getLong: static method; Long.valueOf: static method; Long.parseLong: static method;,"T, T, T","T, T, T","T, T, T"
"Using `str.subSequence(begin, end)` returns a CharSequence which is a read-only form of the string represented as a sequence of chars.",String: concrete class; CharSequence: interface;,"T, T","T, T","T, T"
"In Java 1.4, `CharSequence` was added, and somebody apparently realized that it would be useful to have the same functionality there, but which returned a `CharSequence` instead of `String` (for flexibility).",CharSequence: interface; String: concrete class;,"T, T","T, T","T, T"
Difference between subSequence and subString methods in java String class,subSequence: method; subString: method; String: class;,"T, F, T","T, F, T","T, F, T"
"@Calum and @Pool - as noted below in Alex Miller's answer, using `Arrays.asList(array)` without passing it into a new `ArrayList` object will fix the size of the list.",Arrays: utility class; ArrayList: concrete class;,"T, T","T, T","T, T"
"To clarify, `Arrays.asList()` creates a `java.util.Arrays.ArrayList` (static nested class in `java.util.Arrays`), not a `java.util.ArrayList`.",java.util.Arrays.asList: static method; java.util.Arrays.ArrayList: static nested class; java.util.ArrayList: concrete class;,"T, T, T","T, T, T","T, T, T"
Use the `ImmutableList` class and its `of()` and `copyOf()` factory methods (elements can't be null):,ImmutableList: concrete class; of: static method; copyOf: static method;,"T, T, T","T, T, T","T, T, T"
"Use the JDK's `Arrays` class and its `asList()` factory method, wrapped with a `Collections.unmodifiableList()`:",java.util.Arrays: concrete class; java.util.Collections: concrete class; java.util.Collections.unmodifiableList: static method; java.util.Arrays.asList: static method; java.util.Collections.unmodifiableList: static method; java.util.Arrays.asList: static method;,"T, F, T, T, T, T","T, F, T, T, T, T","T, F, T, T, T, T"
"Note that the returned type for `asList()` is a `List` using a concrete `ArrayList` implementation, but **it is NOT** `java.util.ArrayList`.",java.util.List: interface; java.util.ArrayList: concrete class;,"T, T","T, T","T, T"
Thus this list isn't truly immutable and a call to `asList()` should be wrapped with `Collections.unmodifiableList()`.,Collections.unmodifiableList: static method,T,T,T
"I don't think so, the 2 options are valid but the Arrays.stream is slightly 'better' since you can create it with fixed size, using the overload method with 'start', 'end' args.",Arrays.stream: static method,T,T,T
It creates a kind of ArrayList named Arrays.ArrayList where the Object[] data points directly to the array.,ArrayList: concrete class; Object: concrete class;,"T, F","T, F","T, F"
I fail to see the fundamental difference between your loop at the end of the answer and the new ArrayList<T>(Arrays.asList(myArray)); part which you discourage to use.,ArrayList: concrete class; Arrays: utility class;,"T, T","T, T","T, T"
"`new ArrayList<T>(Arrays.asList(myArray));` does the same, it copies the `asList` to an `ArrayList`.",ArrayList: concrete class; Arrays: utility class; asList: static method;,"T, T, T","T, T, T","T, T, T"
"If you say `String.valueOf(i)`, Java converts the integer to a string and returns the result.",String.valueOf: static method;,T,T,T
"Both of the ways are correct, but using `String.valueOf(i)` or `Integer.toString(i)` is more efficient than `"""" + i`.",String.valueOf: static method; Integer.toString: static method;,"T, T","T, T","T, T"
As already pointed out `Integer.toString()` or `String.valueOf()` are the way to go.,Integer.toString: static method; String.valueOf: static method;,"T, T","T, T","T, T"
"`Integer.toString(i)` and `String.valueOf(i)` are basically identical in performance, with `Integer.toString(i)` being a tiny bit faster.",Integer.toString: static method; String.valueOf: static method;,"T, T","T, T","T, T"
"* well you miss an important piece, in that String.valueOf and Integer.toString always create a new String object, while """" + int uses String pool.",String.valueOf: static method; Integer.toString: static method;,"T, T","T, T","T, T"
"In `java.util.concurrent.FutureTask`, the mechanism of cancellation by timeout is acted as throwing `TimeoutException`.",java.util.concurrent.FutureTask: concrete class; TimeoutException: exception class;,"T, T","T, T","T, T"
`io.Source.stdin` is defined (in `scala.io.Source` class) as `def stdin = fromInputStream(System.in)` so probably it's better to stick with the `io.Source.stdin`.,scala.io.Source.stdin: method,T,T,T
"You can force it to materialize using `.toStream` or `.toList` on it, depends on the use case.",toStream: none; toList: none;,"F, F","F, F","F, F"
"As noted briefly in other comments, `scala.Predef.readLine()` is deprecated since Scala 2.11.0, and you can replace it with `scala.io.StdIn.readLine()`.",scala.Predef.readLine: none; scala.io.StdIn.readLine: concrete class;,"T, F","T, F","T, F"
"The Queue interface extends java.util.Collection with additional insertion, extraction, and inspection operations like:",Queue: interface; java.util.Collection: interface;,"T, T","T, T","T, T"
"Note, `IdentityHashMap` `entrySet` iterator currently has a peculiar implementation which returns the same `Map.Entry` instance for every item in the `entrySet`!",IdentityHashMap: concrete class; entrySet: method; Map.Entry: interface,"T, T, T","T, T, T","T, T, T"
Using `entrySet` with EC `Map` implementations results in `Map.Entry` objects being generated dynamically.,entrySet: method; Map: interface; Map.Entry: interface;,"T, T, T","T, T, T","T, T, T"
The `forEachKeyValue` method is able to avoid creating the `Map.Entry` objects because it can navigate the internal structure of the `Map` implementations directly.,Map: interface; Map.Entry: interface,"T, T","T, T","T, T"
"The official way to do this is to call `map.entrySet()`, which returns a set of `Map.Entry`, each of which contains a key and a value (`entry.getKey()` and `entry.getValue()`).",java.util.Map.entrySet: method; java.util.Map.Entry: interface; java.util.Map.Entry.getKey: method; java.util.Map.Entry.getValue: method;,"T, T, T, T","T, T, T, T","T, T, T, T"
"In an idiosyncratic implementation, it might make some difference whether you use `map.keySet()`, `map.entrySet()` or something else.",keySet: method; entrySet: method;,"T, T","T, T","T, T"
In Java 1.8 (Java 8) this has become a lot easier by using the `forEach` method from Aggregate operations (Stream operations) that looks similar to iterators from the `Iterable` Interface.,forEach (Stream): method; forEach (Iterable): method; Stream (Iterable): none;,"T, T, F","T, T, T","T, T, F"
Date.before() and Date.after() seem to be a little awkward to use.,Date.before: none; Date.after: none;,"F, F","F, F","F, F"
Supplants the old troublesome classes including `java.util.Date/.Calendar` and `SimpleDateFormat`.,java.util.Date: concrete class; java.util.Calendar: abstract class; SimpleDateFormat: concrete class;,"T, T, T","T, T, T","T, T, T"
"If getting `java.sql.Timestamp` objects through JDBC from a database, convert to java.time.Instant in a similar way.",java.sql.Timestamp: concrete class; java.time.Instant: concrete class;,"T, T","T, T","T, T"
"(B) The troublesome old classes such as `java.util.Date` and `java.util.Calendar` are now legacy, supplanted by the java.time classes.",java.util.Date: concrete class; java.util.Calendar: concrete class; java.time: package,"T, T, T","T, T, T","T, T, T"
"If is required to consider inclusive endDate, *testDate.before(endDate)* returns false when testDate and endDate are the same day, we can use ""apache commons lang"" package to verify this (org.apache.commons.lang.time.DateUtils).",org.apache.commons.lang.time.DateUtils: concrete class,T,T,T
"The `TreeMap.putAll` method (and the TreeMap constructor that takes a SortedMap) calls a method called `buildFromSorted` internally, which is described in the docs as: ""Linear time tree building algorithm from sorted data"", so that sounds like it does what you want.",TreeMap.putAll: method; TreeMap: concrete class; SortedMap: interface; buildFromSorted: none;,"T, T, T, F","T, T, T, F","T, T, T, F"
"Just give the `putAll` method something that implements Map, but where the map's entryset iterator (`Map.entrySet().iterator()`) returns your list of sorted values.",putAll: method; Map: interface; Map.entrySet: method; Map.entrySet().iterator: method;,"T, T, T, T","T, T, T, T","T, T, T, T"
I am trying to use a `java.util.Date` as input and then creating a query with it - so I need a `java.sql.Date`.,java.util.Date: concrete class; java.sql.Date: concrete class;,"T, T","T, T","T, T"
* Use *java.time* classes instead of legacy `java.util.Date` & `java.sql.Date` with JDBC 4.2 or later.,java.time: package; java.util.Date: concrete class; java.sql.Date: concrete class,"T, T, T","T, T, T","T, T, T"
"If you are trying to work with date-only values (no time-of-day, no time zone), use the `LocalDate` class rather than `java.util.Date`.",LocalDate: concrete class; java.util.Date: concrete class;,"T, T","T, T","T, T"
"If your JDBC driver complies with JDBC 4.2 spec, you should be able to pass a `LocalDate` via `setObject` on a `PreparedStatement` to store into a SQL DATE field.",LocalDate: concrete class; PreparedStatement: interface;,"T, T","T, T","T, T"
But note that `Instant` has a resolution up to nanoseconds while `java.util.Date` has only milliseconds resolution.,java.time.Instant: concrete class; java.util.Date: concrete class;,"T, T","T, T","T, T"
"Converting `java.util.Date` to `java.sql.Date` will lose hours, minutes and seconds.",java.util.Date: concrete class; java.sql.Date: concrete class;,"T, T","T, T","T, T"
* `valueOf` returns a new or cached instance of `java.lang.Integer`,valueOf: static method; java.lang.Integer: concrete class;,"T, T","T, T","T, T"
The `Integer` class also provides the `valueOf(String str)` method:,Integer: concrete class; valueOf: static method;,"T, T","T, T","T, T"
"Google Guava has Ints.tryParse(String), which returns `null` if the string couldn't be parsed, for example:",Ints.tryParse: static method; String: class,"T, T","T, T","T, T"
"But the thing here is, the method `Integer.valueOf()` has the following implementation in `Integer` class:",Integer.valueOf: static method; Integer: concrete class;,"T, T","T, T","T, T"
"As you can see, the `Integer.valueOf()` internally calls `Integer.parseInt()` itself.",Integer.valueOf: static method; Integer.parseInt: static method;,"T, T","T, T","T, T"
You can use `Collections.list()` to convert an `Enumeration` to a `List` in one line:,Collections.list: concrete method; Enumeration: interface; List: interface;,"T, T, T","T, T, T","T, T, T"
"If you need `Set` rather than `List`, you can use `EnumSet.allOf()`.",Set: none; List: none; EnumSet: concrete class,"F, F, T","F, F, T","F, F, T"
I want to convert a `java.util.Date` object to a `String` in Java.,java.util.Date: concrete class; String: concrete class;,"T, F","T, F","T, F"
Convert a **Date** to a **String** using `DateFormat#format` method:,Date: concrete class; DateFormat: abstract class;,"T, T","T, T","T, T"
"These classes supplant the troublesome old date-time classes such as `java.util.Date`, `.Calendar`, & `java.text.SimpleDateFormat`.",java.util.Date: concrete class; java.util.Calendar: abstract class; java.text.SimpleDateFormat: concrete class,"T, T, T","T, T, T","T, T, T"
"In Java 8, a call like `Instant.now().atOffset(ZoneOffset.UTC).toString()` will run.",Instant: concrete class; ZoneOffset: concrete class;,"T, T","T, T","T, T"
"You can find out about this by reading the documentation of `List.add()`, which documents this to be an ""(optional operation)"".",List.add(): method,T,T,T
"Many of the List implementation support limited support to add/remove, and `Arrays.asList(membersArray)` is one of that.",List: interface; Arrays.asList: static method;,"T, T","T, T","T, T"
You need to insert the record in `java.util.ArrayList` or use the below approach to convert into `ArrayList`.,java.util.ArrayList: concrete class;,T,T,T
"From the above Source you may observe that `java.util.Arrays.ArrayList` class doesn't `@Override add(index, element), set(index, element), remove(index)`.",java.util.Arrays: utility class; java.util.ArrayList: concrete class;,"F, T","F, T","F, T"
You will also get this exception if you attempt to `add` to a `List<T>` returned by `Collections.singletonList(T o)`:,List: interface; Collections: class; singletonList: method;,"T, T, T","T, T, T","T, T, T"
"List `membersList = Arrays.asList(membersArray);` returns immutable list, what you need to do is `new ArrayList<>(Arrays.asList(membersArray));` to make it mutable.",Arrays: utility class; ArrayList: concrete class;,"F, T","F, T","F, T"
The reason for the UnsupportedOperationException is because the Arrays.asList() method returns a fixed-size list backed by the original array.,UnsupportedOperationException: concrete class; Arrays.asList: static method;,"F, T","F, T","F, T"
List.addAll throwing UnsupportedOperationException when trying to add another list,List: interface; UnsupportedOperationException: concrete class;,"F, F","F, F","F, F"
just to provide more info related to FLUSH and Close method related to FileOutputStream:,FileOutputStream: concrete class; FLUSH: none; Close: none;,"T, F, F","T, F, F","T, F, F"
"In Servlet you can get this header's value by `request.getContentLength()` or `reqest.getHeaders(""Content-Length"")`.",getContentLength: concrete method; getHeaders: concrete method;,"T, T","T, T","T, T"
"To do that, you can do `exception.printStackTrace()` and look at the ""Caused By:"" section instead of the top half/normal section.",printStackTrace: concrete method,T,T,T
Imagine I have a cascade of `java.lang.reflect.Proxy` instances augmenting a wrapped object.,java.lang.reflect.Proxy: concrete class;,T,T,T
"The ""target exception"" that is provided at construction time and accessed via the getTargetException() method is now known as the cause, and may be accessed via the Throwable.getCause() method, as well as the aforementioned ""legacy method.""",Throwable.getCause: concrete class method;,F,F,F
You can compare with the original exception Class using getCause() method like this:,Exception: concrete class; getCause: method,"F, T","F, T","F, T"
I had a `java.lang.reflect.InvocationTargetException` error from a statement calling a logger object in an external `class` inside a `try` / `catch` block in my `class`.,java.lang.reflect.InvocationTargetException: exception class; class: none; try: none; catch: none;,"T, F, F, F","T, F, F, F","T, F, F, F"
I used `e.getCause().getCause()` then I found that it was because of wrong parameters I was passing.,e.getCause(): concrete method; getCause(): concrete method,"T, T","T, T","T, T"
"You can use a `java.util.LinkedList` - it's doubly-linked and circular, so adding to one end and taking from the other are O(1).",java.util.LinkedList: concrete class;,T,T,T
"If you want to implement your own model you should consider inheritance, annotation interface `com.fasterxml.jackson.annotation.JsonTypeInfo` and annotation interface `com.fasterxml.jackson.annotation.JsonSubTypes`.",com.fasterxml.jackson.annotation.JsonTypeInfo: annotation interface; com.fasterxml.jackson.annotation.JsonSubTypes: annotation interface;,"T, T","T, T","T, T"
"> equals(Object) method, then calling the hashCode method on each of",equals: method; hashCode: method;,"T, T","T, T","T, T"
"The java.time API introduced with Java-8 (March 2014) supplants the error-prone and outdated `java.util` and their formatting API, `SimpleDateFormat`.",java.time: package; java.util: package; SimpleDateFormat: concrete class;,"T, T, T","T, T, T","T, T, T"
"You can then use `Collections.sort(List)` or just switch from your `List` to a `SortedSet` implementation like `TreeSet` (if you don't need duplicates, a `Set` drops duplicates)",Collections.sort: static method; List: interface; SortedSet: interface; TreeSet: concrete class; Set: interface,"T, T, T, T, T","T, T, T, T, T","T, T, T, T, T"
"Write a `java.util.Comparator` to define an **imposed ordering** and call `Collections.sort(List, Comparator)` or (losing duplicates again) go for a `new TreeSet(Comparator)`.",java.util.Comparator: interface; Collections.sort: method; TreeSet: class;,"T, T, T","T, T, T","T, T, T"
You can call `Collections.sort()` providing a `Comparator` which compares the `getCountry()`.,Collections.sort: static method; Comparator: functional interface;,"T, T","T, T","T, T"
What's the difference between Thread start() and Runnable run(),Thread: concrete class; Runnable: functional interface;,"T, T","T, T","T, T"
`Thread.start()` is required to actually create a new thread so that the runnable's `run` method is executed in parallel.,Thread.start: concrete method; Runnable.run: abstract method;,"T, T","T, T","T, T"
"The difference is that `Thread.start()` starts a thread that calls the `run()` method, while `Runnable.run()` just calls the `run()` method on the current thread.",Thread.start: concrete class method; Runnable.run: interface method;,"T, T","T, T","T, T"
"`Thread.start()` calls the `run()` method asynchronously, which changes the state of the new Thread to Runnable.",Thread.start: concrete method; Thread.run: concrete method;,"T, F","T, F","T, F"
"Most of these answers miss the big picture, which is that, as far as the Java language is concerned, there is no more difference between `t.start()` and `r.run()` than there is between any other two methods.",Thread.start: concrete class method; Runnable.run: interface method;,"F, T","F, T","F, T"
"The biggest difference is that most of the code for `t.start()` is *native* code while, in most cases, the code for `r.run()` is going to be pure Java.",start: none; run: none;,"F, F","F, F","F, F"
`Thread.start()` code registers the Thread with the scheduler and the scheduler calls the `run()` method.,Thread.start: concrete method; Thread.run: concrete method;,"T, T","T, T","T, T"
Need some clarification on Java threads: start() and run(),Thread.start: concrete method; Thread.run: concrete method;,"T, T","T, T","T, T"
See the javadoc of List or Set and check the size before using the above methods by invoking `isEmpty()`,List: interface; Set: interface; isEmpty: method;,"T, T, T","T, T, T","T, T, T"
"It better shows your intent and is possibly more efficient (e.g., LinkedList size() is O(n)).",LinkedList: concrete class; size: method;,"T, T","T, T","T, T"
Always use `List.iterator().next()` or `Set.iterator().next()` to avoid O(N) for Linked data structures.,List: interface; Set: interface; Iterator: interface;,"T, T, T","T, T, T","T, T, T"
"Verify by using `Set.isEmpty()` or `List.isEmpty()` for the same reason, as both cases will always be O(1) instead of a potential O(N) if an implementation of Linked data structure is passed like `LinkedList` or `LinkedHashSet`.",Set.isEmpty: interface method; List.isEmpty: interface method; LinkedList: concrete class; LinkedHashSet: concrete class;,"T, T, T, T","T, T, T, T","T, T, T, T"
"This may have meaning for LinkedHashSet and TreeSet, but not for HashSet.)",LinkedHashSet: concrete class; TreeSet: concrete class; HashSet: concrete class,"T, T, T","T, T, T","T, T, T"
Use a HashMap unless you have some need for ordering. HashMap is faster.,HashMap: concrete class;,T,T,T
"ArrayDeque is better than LinkedList, because ArrayDeque doesn't have the overhead of node allocations that LinkedList doesÃÂÃÂÃÂÃÂÃÂÃÂÃÂÃÂ¯ÃÂÃÂÃÂÃÂÃÂÃÂÃÂÃÂ¿ÃÂÃÂÃÂÃÂÃÂÃÂÃÂÃÂ½?
It's more efficient than using StringWriter
Have Country implement the java.util.Comparable interface to define a natural ordering on your Country objects",ArrayDeque: concrete class; LinkedList: concrete class; StringWriter: concrete class; java.util.Comparable: interface,"T, T, T, T","T, T, T, F","T, T, T, T"
"In this case I would use DataInputStream and DataOutputStream, and the readUTF()/writeUTF() methods for the messages and filenames ",DataInputStream: concrete class; DataOutputStream: concrete class; readUTF: method; writeUTF: method;,"T, T, T, T","T, T, T, T","T, T, T, T"
Basically you need to implement the UIKeyboardInteractive interface (together with the UserInfo interface) and associate the implementation with the session using the Session.setUserInfo,UIKeyboardInteractive: none; UserInfo: none; Session: none; Session.setUserInfo: none,"F, F, F, F","F, F, F, F","F, F, F, F"
"Also, JSON Object with type latlng contains list of objects which are represented in JSON in form of array.",JSONObject: concrete class; JSONArray: concrete class;,"T, T","T, T","T, T"
"Use a Swing Timer and a DocumentListener, each time the Document is updated, reset the Timer ",Timer: concrete class; DocumentListener: interface; Document: interface,"F, T, T","F, T, T","F, T, T"
use a Matcher object and use Matcher.find() to find matches within the input string:,Matcher: concrete class; Matcher.find: method;,"T, T","T, T","T, T"
Basically on an ExecutorService you call shutdown() and then awaitTermination():,"ExecutorService: interface; shutdown: method; awaitTermination: method; shutdown, awaitTermination: none;","T, T, T, F","T, T, T, F","T, T, T, F"
"Once you have the count, then you compute the right values for skip and limit based on the count and the percentages you want ",none,F,F,F
"In Java, to send data via the socket, you get an OutputStream (1) from it, and write to the OutputStream (you output some data). n your case, the server has another socket (the other end of the connection) and another pair of streams. It uses its InputStream (2) to read from the network, and its OutputStream (3) to write the same data back across the network to your client, which reads it again via its InputStream (4) completing the round trip. ",OutputStream: concrete class; InputStream: concrete class;,"F, F","F, F","F, F"
"You should avoid overriding paint and instead use paintComponent You should avoid extending from JFrame and instead use something like JPanel, which actually has a paintComponent method. ",JFrame: concrete class; JPanel: concrete class; paintComponent: method,"T, T, T","T, T, T","T, T, T"
Instant instead of java.util.Date LocalDate instead of java.sql.Date,java.time.Instant: concrete class; java.time.LocalDate: concrete class;,"T, T","T, T","T, T"
"So, if you want to split on e.g. period/dot . which means ""any character"" in regex, use either backslash \ to escape the individual special character like so split(""\\."") use character class [] to represent literal character(s) like so split(""[.]""), or use Pattern#quote() to escape the entire string like so split(Pattern.quote(""."")). To test beforehand if the string contains certain character(s), just use String#contains().",split: none; Pattern.quote: static method; String.contains: instance method,"F, T, T","F, T, T","F, T, T"
To manipulate data you actually need executeUpdate() rather than executeQuery().,executeUpdate: concrete method; executeQuery: concrete method;,"T, T","T, T","T, T"
"The most straight-forward looking approach will just use readLine() which is part of Predef. this is so verbose, you'd rather use java.util.Scanner instead.  ",readLine: none; java.util.Scanner: concrete class;,"F, T","F, T","F, T"
"isConnectedOrConnecting() (used in most answers) checks for any network connection To know whether any of those networks have internet access, use one of the following ",isConnectedOrConnecting: none;,T,T,T
"Indeed rather use ExecutorService instead of Timer, here's an SSCCE:  ",ExecutorService: interface; Timer: class;,"T, T","T, T","T, T"
using Arrays.asList instead of Collections.singleton,Arrays.asList: concrete class; Collections.singleton: concrete class;,"F, F","F, F","F, F"
"An alternative is to write your own class which implements the necessary Queue interface. It is not needed except in those rare cases where you wish to do something special while providing the rest of your program with a Queue An even less used alternative is to construct an anonymous class that implements Queue. You probably don't want to do this, but it's listed as an option for the sake of covering all the bases. ",Queue: interface,T,T,T
"If you look at the documentation of Collectors#toList(), it states that - ""There are no guarantees on the type, mutability, serializability, or thread-safety of the List returned"". If you want a particular implementation to be returned, you can use Collectors#toCollection(Supplier) instead.  ",Collectors#toList: static method; Collectors#toCollection: static method;,"T, T","T, T","T, T"
"you'd only need to change HashSet to ArrayList, PriorityQueue, or any other class that implements Collection. it's generally better to use Collection objects (in particular List objects) rather than arrays. ",HashSet: concrete class; ArrayList: concrete class; PriorityQueue: concrete class; Collection: interface; List: interface,"T, T, T, T, T","T, T, T, T, T","T, T, T, T, T"
"You can use ListIterator instead of Iterator. ListIterator has previous() and hasPrevious() methods. Not directly, as others pointed out, but if you e.g. need to access one previous element you could easily save that in a separate variable ",ListIterator: interface; Iterator: interface;,"T, T","T, T","T, T"
"If you look at the Date(long) constructor, you'll see that it expects the value to be the number of milliseconds since the epoch, UTC: Regarding your desire to force GMT instead of your local time zone: ",Date: concrete class; GMT: none; UTC: none; epoch: none; milliseconds: none; time zone: none;,"T, F, F, F, F, F","T, F, F, F, F, F","T, F, F, F, F, F"
"readLine() won't return until it's read a carriage return or a line feed, which is what you normally get when you read from a terminal or a text file.",readLine: none; terminal: none; text file: none; carriage return: none; line feed: none;,"T, F, F, T, T","T, F, F, F, F, F","T, F, F, T, T"
Instead of using the ChromeDriver implementation use the WebDriver interface,ChromeDriver: none; WebDriver: interface;,"T, T","T, T","T, T"
"You can use JOptionPane's setLocation(...) method. OR Instead of using JOptionPane you can extends a JDialog, and then specify it's location on the screen.",JOptionPane: concrete class; JDialog: concrete class;,"T, T","T, T","T, T"
"use this overload rather than the List<T>.toArray() overload, you can choose the actual type of the array. ",List: none; toArray: method,"T, T","T, T","T, T"
use a javax.swing.Timer to perform the animation rather than Thread sleeps,javax.swing.Timer: concrete class,T,T,T
"In general, it's not at all safe to compare the hashCode instead of using equals  ",hashCode: method; equals: method;,"F, T","F, T","F, T"
" it will initialize an immutable List rather than an ArrayList, and furthermore, it's not available yet, if it ever will be ",List: interface; ArrayList: concrete class;,"T, T","T, T","T, T"
"If you are working with a source other than a file, you can use the lines() method in BufferedReader instead.",BufferedReader: concrete class; lines: method,"T, T","T, T","T, T"
"Also, if the right-hand side of the for (:) idiom is an array rather than an Iterable object, the internal code uses an index counter and checks against array.length instead. See the Java Language Specification.  ",Iterable: interface; array: none; index: none; length: none,"T, F, F, T","T, F, F, F","T, F, F, T"
To overwrite file foo.log with FileOutputStream or with FileWriter :,FileOutputStream: concrete class; FileWriter: concrete class;,"T, T","T, T","T, T"
"you can use Comparable, or custom Comparator to do this. ",Comparable: interface; Comparator: functional interface;,"T, T","T, T","T, T"
Thread.sleep or using java.nio Channel operations using standard InputStream/OutputStream which are not interruptable,Thread.sleep: method; java.nio.channels.Channel: interface; java.io.InputStream: abstract class; java.io.OutputStream: abstract class;,"T, T, T, T","T, T, T, T","T, T, T, T"
"If you a resource is needed for you application and is packaged in the jar, it should be read from an URL, either via getClass().getResource() which returns an actual URL to a resource, or getClass().getResourceAsStream() which return the resource as a stream in the form of InputStream, obtained from the URL. You can also getClassLoader(), but here are the main differences ",URL: concrete class; InputStream: concrete class;,"T, F","T, F","T, F"
"The subclasses DecimalFormat and ChoiceFormat have a method toPattern(), so you must check using instanceof and call toPattern() ",DecimalFormat: concrete class; ChoiceFormat: concrete class;,"T, T","T, T","T, T"
"In Servlet you can get this header's value by request.getContentLength() or reqest.getHeaders(""Content-Length"") ",HttpServletRequest.getContentLength: method; HttpServletRequest.getHeaders: method;,"T, T","T, T","T, T"
"If at any point you need bigger numbers, you can try java.math.BigInteger (if integer), or java.math.BigDecimal (if decimal) ",java.math.BigInteger: concrete class; java.math.BigDecimal: concrete class;,"T, T","T, T","T, T"
Use scheduler.pauseJob() or scheduler.pauseTrigger(). Use the pauseJob or pauseJobGroup methods of JobStore,scheduler.pauseJob: none; scheduler.pauseTrigger: none; pauseJob: none; pauseJobGroup: none; JobStore: none;,"F, F, F, F, T","F, F, F, F, T","F, F, F, F, T"
A nice way to do this is using Apache commons IOUtils to copy the InputStream into a StringWriter or use ByteArrayOutputStream if you don't want to mix your Streams and Writers,InputStream: abstract class; StringWriter: concrete class; ByteArrayOutputStream: concrete class;,"F, T, T","F, T, T","F, T, T"
Normal ways would be Integer.toString(i) or String.valueOf(i).,Integer.toString: static method; String.valueOf: static method;,"T, T","T, T","T, T"
"use the getters of java.time.LocalDateTime Or, when you're not on Java 8 yet, make use of java.util.Calendar. ",java.time.LocalDateTime: concrete class; java.util.Calendar: abstract class;,"T, T","T, T","T, T"
You might want to check for next element before getting it in Scanner with scanInput.hasNextInt(). If you use the above Scanner coord = new Scanner(System.in); and then call the function with Scanner scanInput = new Scanner(System.in);,Scanner: concrete class; System: concrete class;,"T, F","T, F","T, F"
The TreeMap.putAll method (and the TreeMap constructor that takes a SortedMap) calls a method called buildFromSorted internally,TreeMap.putAll: method; TreeMap: concrete class; SortedMap: interface;,"F, T, T","F, T, T","F, T, T"
"r1 and r2 are just two different objects of classes that implement the Runnable interface and thus implement the run() method. When you call r1.run() you are executing it in the current thread. t1 and t2 are objects of the class Thread. When you call t1.start(), it starts a new thread and calls the run() method of r1 internally to execute it within that new thread.",Runnable: functional interface; Thread: concrete class;,"T, T","T, T","T, T"
The cast ensures that the internal class used by Java to implement the lambda will implements Serializable,none,F,F,F
"If you properly override the equals method, you can then just use the remove method ",equals: method; remove: method;,"T, T","T, F","T, T"
It seems there is space at end. Do a trim() before passing to Integer.parseInt(str);,String.trim: concrete method; Integer.parseInt: static method;,"T, T","T, T","T, T"
wait() suspend the current thread until another thread calls notify() to wake up.,wait: method; notify: method;,"T, T","T, T","T, T"
"Typically anything that needs to be done after a SwingWorker completes its background work is done by overriding the done() method in it This method is called on the Swing event thread after completion, allowing you to update the GUI or print something out or whatever",SwingWorker: concrete class; done: method;,"T, T","T, T","T, T"
Put a Scanner.nextLine call after each Scanner.nextInt to consume rest of that line including newline,Scanner.nextLine: concrete method; Scanner.nextInt: concrete method; nextLine.nextInt: none;,"T, T, F","T, T, F","T, T, F"
"the difference is in the contract, that when element can not be added to collection the add method throws an exception and offer doesn't.",add: none; offer: none; collection: none; exception: none; contract: none; element: none; method: none;,"T, T, T, T, T, T, T","T, T, T, T, T, T, T","T, T, T, T, T, T, T"
"In TreeMap - Elements are sorted
In HashMap - Elements are not sorted       ",TreeMap: concrete class; HashMap: concrete class;,"T, T","T, F","T, T"
"sleep() causes the thread to definitely stop executing for a given amount of time; if no other thread or process needs to be run, the CPU will be idle (and probably enter a power saving mode).
yield() basically means that the thread is not doing anything particularly important and if any other threads or processes need to be run, they should. Otherwise, the current thread will continue",Thread.sleep: static method; Thread.yield: static method;,"T, T","T, T","T, T"
"Servlets can render complete web pages, whereas portlets renders html fragments. These fragments are aggregated by the portal into a complete web page. The content type of JSR 168 portlets can be only cHTML, XHTML, WML. It does not support other content types. Portlets are not allowed to generate HTML code that contains tags such as body, frame, frameset, head, html, or title A Portlet unlike a servlet doesnÃÂÃÂÃÂÃÂÃÂÃÂÃÂÃÂ¢ÃÂÃÂÃÂÃÂÃÂÃÂÃÂÃÂÃÂÃÂÃÂÃÂÃÂÃÂÃÂÃÂt have URL attached to it so it cannot be accessed directly. Access is only through the portal page which holds the portlet. Portlets can be provided with controls to manipulate its window states or portlet modes. Multiple instances of a single portlet can be placed onto the same page. Portlets support persistent configuration and customization, profile information. Portlets can have two types of request viz. render request and action request.",Servlet: interface; Portlet: interface;,"F, T","F, T","F, T"
"The difference is that using new Long() you will always create a new object, while using Long.valueOf(), may return you the cached value of long if the value is between [-128 to 127] If you see the source code for Long.valueOf(String), it internally invokes Long.valueOf(long), whose source code I have posted below: -      ",Long: concrete class; Long.valueOf: static method; Long.valueOf(): static method; Long.valueOf: static method; Long.valueOf: static method; Long.valueOf(): static method;,"T, T, T, T, T, T","T, T, T, T, T, T","T, T, T, T, T, T"
Comparable and Comparator are generic interfaces that allow to compare instances of the type defined in the generic (subclasses included). The main difference between them is that Comparable is directly implemented in the class which you want to compare objects.,Comparable: interface; Comparator: interface;,"T, T","T, T","T, T"
"One difference is that TreeMaps do not support null keys, but HashMaps do. With a TreeMap, you would get an exception at runtime if beanRecord.getEmail() returned null.",TreeMap: concrete class; HashMap: concrete class;,"T, T","T, T","T, T"
"Difference between ForkJoinPool and ExecutorService
Eugene in his comment mentioned also one more important thing. ForkJoinPool uses work-stealing approach.while ExecutorService created with .newFixedThreadPool() uses divide and conquer approach.",ForkJoinPool: concrete class; ExecutorService: interface; newFixedThreadPool: static method,"T, T, T","T, T, F","T, T, T"
"PrintWriter has an optional constructor you may use to enable auto-flushing when specific methods are called. No such option exists in FileWriter. When writing to files, FileWriter has an optional constructor which allows it to append to the existing file when the ""write()"" method is called.    ",PrintWriter: concrete class; FileWriter: concrete class;,"T, T","T, T","T, T"
"HashSet gives you an O(1) contains() method but doesn't preserve order. ArrayList contains() is O(n) but you can control the order of the entries. Array if you need to insert anything in between, worst case can be O(n), since you will have to move the data down and make room for the insertion. In Set, you can directly use SortedSet which too has O(n) too but with flexible operations.     ",HashSet: concrete class; ArrayList: concrete class; Array: none; Set: interface; SortedSet: interface,"T, T, F, T, T","T, T, F, T, T","T, T, F, T, T"
"If collection is empty, popLast() returns null, but removeLast() returns a discardable result or crashesÃÂÃÂÃÂÃÂÃÂÃÂÃÂÃÂ¯ÃÂÃÂÃÂÃÂÃÂÃÂÃÂÃÂ¿ÃÂÃÂÃÂÃÂÃÂÃÂÃÂÃÂ½?",popLast: none; removeLast: none;,"F, F","F, F","F, F"
"In Java, to send data via the socket, you get an OutputStream (1) from it, and write to the OutputStream (you output some data). n your case, the server has another socket (the other end of the connection) and another pair of streams. It uses its InputStream (2) to read from the network, and its OutputStream (3) to write the same data back across the network to your client, which reads it again via its InputStream (4) completing the round trip.      ",OutputStream: abstract class; InputStream: abstract class;,"T, T","T, T","T, T"
"Not really an error but a suggestion from @MadProgrammer in this other answer of mine to use the Shape API instead of pure .drawOval as you did while drawing the line, change drawOval to draw(new Ellipse2D.Double(...) You're overriding paint(Graphics g) method instead of paintComponent(Graphics g) this could cause some issues while painting      ",Shape: interface; Ellipse2D: abstract class; Graphics: abstract class;,"T, F, T","T, F, T","T, F, T"
"The most straight-forward looking approach will just use readLine() which is part of Predef. this is so verbose, you'd rather use java.util.Scanner instead.",readLine: none; java.util.Scanner: concrete class;,"F, T","F, T","F, T"
"Indeed rather use ExecutorService instead of Timer, here's an SSCCE:",ExecutorService: interface; Timer: class;,"F, T","F, T","F, T"
"An alternative is to write your own class which implements the necessary Queue interface. It is not needed except in those rare cases where you wish to do something special while providing the rest of your program with a Queue An even less used alternative is to construct an anonymous class that implements Queue. You probably don't want to do this, but it's listed as an option for the sake of covering all the bases.      ",Queue: interface;,T,T,T
"You can use ListIterator instead of Iterator. ListIterator has previous() and hasPrevious() methods. Not directly, as others pointed out, but if you e.g. need to access one previous element you could easily save that in a separate variable      ",ListIterator: interface; Iterator: interface;,"T, T","T, T","T, T"
"use this overload rather than the List<T>.toArray() overload, you can choose the actual type of the array.        ",List: none; toArray: method;,"F, T","F, T","F, T"
use a javax.swing.Timer to perform the animation rather than Thread.sleep(),javax.swing.Timer: concrete class; Thread.sleep: static method;,"T, T","T, T","T, T"
"In general, it's not at all safe to compare the hashCode instead of using equals",hashCode: method; equals: method;,"T, T","T, T","T, T"
"it will initialize an immutable List rather than an ArrayList, and furthermore, it's not available yet, if it ever will be",List: interface; ArrayList: concrete class;,"T, T","T, T","T, T"
"you can use Comparable, or custom Comparator to do this.",Comparable: interface; Comparator: functional interface;,"T, F","T, F","T, F"
"If you a resource is needed for you application and is packaged in the jar, it should be read from an URL, either via getClass().getResource() which returns an actual URL to a resource, or getClass().getResourceAsStream() which return the resource as a stream in the form of InputStream, obtained from the URL. You can also getClassLoader(), but here are the main differences       ",URL: concrete class; InputStream: abstract class;,"T, T","T, T","T, T"
"In Servlet you can get this header's value by request.getContentLength() or reqest.getHeaders(""Content-Length"")       ",getContentLength: concrete method; getHeaders: concrete method;,"F, F","F, F","F, F"
convert java.util.Date to java.sql.Date,java.util.Date: concrete class; java.sql.Date: concrete class;,"T, T","T, T","T, T"
Convert a Date to a String using DateFormat#format method:,DateFormat: concrete class; format: method; Date: none; format: method; DateFormat: concrete class; format: method;,"F, T, T, T, F, T","F, T, T, T, F, T","F, T, T, T, F, T"
the following code converts List<Integer> to List<String>:,List: interface; Integer: class; String: class;,"T, T, T","T, T, T","T, T, T"
use Collections.list() to convert an Enumeration to a List in one line:,Collections.list: concrete method; Enumeration: interface; List: interface;,"T, T, T","T, T, T","T, T, T"
convert a java.util.Date object to a java.lang.String object representing the,java.util.Date: concrete class; java.lang.String: concrete class;,"F, T","F, T","F, T"
convert String to int use Integer.toString(i) or String.valueOf(i),Integer.toString: static method; String.valueOf: static method;,"F, T","F, T","F, T"
Iterator is used with the ArrayList to facilitate element traversal.,Iterator: interface; ArrayList: concrete class;,"T, T","T, T","T, T"
ArrayList relies on the implementation of the Iterator interface.,ArrayList: concrete class; Iterator: interface;,"T, T","T, F","T, T"
ArrayList collaborates with Collections to perform collection operations such as sorting.,ArrayList: concrete class; Collections: utility class;,"T, T","T, T","T, T"
The Iterable interface depends on the Iterator interface to provide a mechanism for iterating over a collection of objects.,Iterable: interface; Iterator: interface;,"T, T","T, T","T, T"
ArrayList collaborates with the ListIterator to enable modifications to the list during traversal.,ArrayList: concrete class; ListIterator: interface;,"T, T","T, T","T, T"
ArrayList relies on the framework of basic list operations provided by AbstractList.,ArrayList: concrete class; AbstractList: abstract class;,"T, T","T, T","T, T"
"so, you should use nextline() in your while rather than next().",nextLine: concrete method; next: concrete method;,"T, T","T, T","T, T"
as for your example: since hashcode() is executed exactly once it has less impact than equals().,hashCode: method; equals: method;,"T, T","T, T","T, T"
